sourceTaxonId	sourceTaxonName	interactionTypeId	interactionTypeName	targetTaxonId	targetTaxonName	localityId	localityName	decimalLatitude	decimalLongitude	observationDateTime	referenceDoi	referenceCitation
EOL:420986	Heteractis magnifica	RO:0002453	host of	EOL:213668	Amphiprion akallopisos						doi:10.1098/rspb.2006.3758	Ollerton, J., McCollin, D., Fautin, D.G. & Allen, G.R. (2007) Finding NEMO: nestedness engendered by mutualistic organisation in anemonefish and their hosts. Proceedings of the Royal Society B, doi:10.1098/rspb.2006.3758.
EOL:704278	Stichodactyla mertensii	RO:0002453	host of	EOL:213668	Amphiprion akallopisos						doi:10.1098/rspb.2006.3758	Ollerton, J., McCollin, D., Fautin, D.G. & Allen, G.R. (2007) Finding NEMO: nestedness engendered by mutualistic organisation in anemonefish and their hosts. Proceedings of the Royal Society B, doi:10.1098/rspb.2006.3758.
EOL:421135	Entacmaea quadricolor	RO:0002453	host of	EOL:1012103	Amphiprion akindynos						doi:10.1098/rspb.2006.3758	Ollerton, J., McCollin, D., Fautin, D.G. & Allen, G.R. (2007) Finding NEMO: nestedness engendered by mutualistic organisation in anemonefish and their hosts. Proceedings of the Royal Society B, doi:10.1098/rspb.2006.3758.
EOL:704311	Heteractis aurora	RO:0002453	host of	EOL:1012103	Amphiprion akindynos						doi:10.1098/rspb.2006.3758	Ollerton, J., McCollin, D., Fautin, D.G. & Allen, G.R. (2007) Finding NEMO: nestedness engendered by mutualistic organisation in anemonefish and their hosts. Proceedings of the Royal Society B, doi:10.1098/rspb.2006.3758.
EOL:420984	Heteractis crispa	RO:0002453	host of	EOL:1012103	Amphiprion akindynos						doi:10.1098/rspb.2006.3758	Ollerton, J., McCollin, D., Fautin, D.G. & Allen, G.R. (2007) Finding NEMO: nestedness engendered by mutualistic organisation in anemonefish and their hosts. Proceedings of the Royal Society B, doi:10.1098/rspb.2006.3758.
EOL:420986	Heteractis magnifica	RO:0002453	host of	EOL:1012103	Amphiprion akindynos						doi:10.1098/rspb.2006.3758	Ollerton, J., McCollin, D., Fautin, D.G. & Allen, G.R. (2007) Finding NEMO: nestedness engendered by mutualistic organisation in anemonefish and their hosts. Proceedings of the Royal Society B, doi:10.1098/rspb.2006.3758.
EOL:704309	Stichodactyla gigantea	RO:0002453	host of	EOL:1012103	Amphiprion akindynos						doi:10.1098/rspb.2006.3758	Ollerton, J., McCollin, D., Fautin, D.G. & Allen, G.R. (2007) Finding NEMO: nestedness engendered by mutualistic organisation in anemonefish and their hosts. Proceedings of the Royal Society B, doi:10.1098/rspb.2006.3758.
EOL:704276	Stichodactyla haddoni	RO:0002453	host of	EOL:1012103	Amphiprion akindynos						doi:10.1098/rspb.2006.3758	Ollerton, J., McCollin, D., Fautin, D.G. & Allen, G.R. (2007) Finding NEMO: nestedness engendered by mutualistic organisation in anemonefish and their hosts. Proceedings of the Royal Society B, doi:10.1098/rspb.2006.3758.
EOL:704278	Stichodactyla mertensii	RO:0002453	host of	EOL:1012103	Amphiprion akindynos						doi:10.1098/rspb.2006.3758	Ollerton, J., McCollin, D., Fautin, D.G. & Allen, G.R. (2007) Finding NEMO: nestedness engendered by mutualistic organisation in anemonefish and their hosts. Proceedings of the Royal Society B, doi:10.1098/rspb.2006.3758.
EOL:421135	Entacmaea quadricolor	RO:0002453	host of	EOL:339946	Amphiprion allardi						doi:10.1098/rspb.2006.3758	Ollerton, J., McCollin, D., Fautin, D.G. & Allen, G.R. (2007) Finding NEMO: nestedness engendered by mutualistic organisation in anemonefish and their hosts. Proceedings of the Royal Society B, doi:10.1098/rspb.2006.3758.
EOL:704311	Heteractis aurora	RO:0002453	host of	EOL:339946	Amphiprion allardi						doi:10.1098/rspb.2006.3758	Ollerton, J., McCollin, D., Fautin, D.G. & Allen, G.R. (2007) Finding NEMO: nestedness engendered by mutualistic organisation in anemonefish and their hosts. Proceedings of the Royal Society B, doi:10.1098/rspb.2006.3758.
EOL:704278	Stichodactyla mertensii	RO:0002453	host of	EOL:339946	Amphiprion allardi						doi:10.1098/rspb.2006.3758	Ollerton, J., McCollin, D., Fautin, D.G. & Allen, G.R. (2007) Finding NEMO: nestedness engendered by mutualistic organisation in anemonefish and their hosts. Proceedings of the Royal Society B, doi:10.1098/rspb.2006.3758.
EOL:421135	Entacmaea quadricolor	RO:0002453	host of	EOL:339947	Amphiprion bicinctus						doi:10.1098/rspb.2006.3758	Ollerton, J., McCollin, D., Fautin, D.G. & Allen, G.R. (2007) Finding NEMO: nestedness engendered by mutualistic organisation in anemonefish and their hosts. Proceedings of the Royal Society B, doi:10.1098/rspb.2006.3758.
EOL:704311	Heteractis aurora	RO:0002453	host of	EOL:339947	Amphiprion bicinctus						doi:10.1098/rspb.2006.3758	Ollerton, J., McCollin, D., Fautin, D.G. & Allen, G.R. (2007) Finding NEMO: nestedness engendered by mutualistic organisation in anemonefish and their hosts. Proceedings of the Royal Society B, doi:10.1098/rspb.2006.3758.
EOL:420984	Heteractis crispa	RO:0002453	host of	EOL:339947	Amphiprion bicinctus						doi:10.1098/rspb.2006.3758	Ollerton, J., McCollin, D., Fautin, D.G. & Allen, G.R. (2007) Finding NEMO: nestedness engendered by mutualistic organisation in anemonefish and their hosts. Proceedings of the Royal Society B, doi:10.1098/rspb.2006.3758.
EOL:420986	Heteractis magnifica	RO:0002453	host of	EOL:339947	Amphiprion bicinctus						doi:10.1098/rspb.2006.3758	Ollerton, J., McCollin, D., Fautin, D.G. & Allen, G.R. (2007) Finding NEMO: nestedness engendered by mutualistic organisation in anemonefish and their hosts. Proceedings of the Royal Society B, doi:10.1098/rspb.2006.3758.
EOL:704309	Stichodactyla gigantea	RO:0002453	host of	EOL:339947	Amphiprion bicinctus						doi:10.1098/rspb.2006.3758	Ollerton, J., McCollin, D., Fautin, D.G. & Allen, G.R. (2007) Finding NEMO: nestedness engendered by mutualistic organisation in anemonefish and their hosts. Proceedings of the Royal Society B, doi:10.1098/rspb.2006.3758.
EOL:704278	Stichodactyla mertensii	RO:0002453	host of	EOL:339947	Amphiprion bicinctus						doi:10.1098/rspb.2006.3758	Ollerton, J., McCollin, D., Fautin, D.G. & Allen, G.R. (2007) Finding NEMO: nestedness engendered by mutualistic organisation in anemonefish and their hosts. Proceedings of the Royal Society B, doi:10.1098/rspb.2006.3758.
EOL:704311	Heteractis aurora	RO:0002453	host of	EOL:339952	Amphiprion chrysogaster						doi:10.1098/rspb.2006.3758	Ollerton, J., McCollin, D., Fautin, D.G. & Allen, G.R. (2007) Finding NEMO: nestedness engendered by mutualistic organisation in anemonefish and their hosts. Proceedings of the Royal Society B, doi:10.1098/rspb.2006.3758.
EOL:420986	Heteractis magnifica	RO:0002453	host of	EOL:339952	Amphiprion chrysogaster						doi:10.1098/rspb.2006.3758	Ollerton, J., McCollin, D., Fautin, D.G. & Allen, G.R. (2007) Finding NEMO: nestedness engendered by mutualistic organisation in anemonefish and their hosts. Proceedings of the Royal Society B, doi:10.1098/rspb.2006.3758.
EOL:704276	Stichodactyla haddoni	RO:0002453	host of	EOL:339952	Amphiprion chrysogaster						doi:10.1098/rspb.2006.3758	Ollerton, J., McCollin, D., Fautin, D.G. & Allen, G.R. (2007) Finding NEMO: nestedness engendered by mutualistic organisation in anemonefish and their hosts. Proceedings of the Royal Society B, doi:10.1098/rspb.2006.3758.
EOL:704278	Stichodactyla mertensii	RO:0002453	host of	EOL:339952	Amphiprion chrysogaster						doi:10.1098/rspb.2006.3758	Ollerton, J., McCollin, D., Fautin, D.G. & Allen, G.R. (2007) Finding NEMO: nestedness engendered by mutualistic organisation in anemonefish and their hosts. Proceedings of the Royal Society B, doi:10.1098/rspb.2006.3758.
EOL:421135	Entacmaea quadricolor	RO:0002453	host of	EOL:218667	Amphiprion chrysopterus						doi:10.1098/rspb.2006.3758	Ollerton, J., McCollin, D., Fautin, D.G. & Allen, G.R. (2007) Finding NEMO: nestedness engendered by mutualistic organisation in anemonefish and their hosts. Proceedings of the Royal Society B, doi:10.1098/rspb.2006.3758.
EOL:704311	Heteractis aurora	RO:0002453	host of	EOL:218667	Amphiprion chrysopterus						doi:10.1098/rspb.2006.3758	Ollerton, J., McCollin, D., Fautin, D.G. & Allen, G.R. (2007) Finding NEMO: nestedness engendered by mutualistic organisation in anemonefish and their hosts. Proceedings of the Royal Society B, doi:10.1098/rspb.2006.3758.
EOL:420984	Heteractis crispa	RO:0002453	host of	EOL:218667	Amphiprion chrysopterus						doi:10.1098/rspb.2006.3758	Ollerton, J., McCollin, D., Fautin, D.G. & Allen, G.R. (2007) Finding NEMO: nestedness engendered by mutualistic organisation in anemonefish and their hosts. Proceedings of the Royal Society B, doi:10.1098/rspb.2006.3758.
EOL:420986	Heteractis magnifica	RO:0002453	host of	EOL:218667	Amphiprion chrysopterus						doi:10.1098/rspb.2006.3758	Ollerton, J., McCollin, D., Fautin, D.G. & Allen, G.R. (2007) Finding NEMO: nestedness engendered by mutualistic organisation in anemonefish and their hosts. Proceedings of the Royal Society B, doi:10.1098/rspb.2006.3758.
EOL:2549779	Macrodactyla doreensis	RO:0002453	host of	EOL:218667	Amphiprion chrysopterus						doi:10.1098/rspb.2006.3758	Ollerton, J., McCollin, D., Fautin, D.G. & Allen, G.R. (2007) Finding NEMO: nestedness engendered by mutualistic organisation in anemonefish and their hosts. Proceedings of the Royal Society B, doi:10.1098/rspb.2006.3758.
EOL:704276	Stichodactyla haddoni	RO:0002453	host of	EOL:218667	Amphiprion chrysopterus						doi:10.1098/rspb.2006.3758	Ollerton, J., McCollin, D., Fautin, D.G. & Allen, G.R. (2007) Finding NEMO: nestedness engendered by mutualistic organisation in anemonefish and their hosts. Proceedings of the Royal Society B, doi:10.1098/rspb.2006.3758.
EOL:704278	Stichodactyla mertensii	RO:0002453	host of	EOL:218667	Amphiprion chrysopterus						doi:10.1098/rspb.2006.3758	Ollerton, J., McCollin, D., Fautin, D.G. & Allen, G.R. (2007) Finding NEMO: nestedness engendered by mutualistic organisation in anemonefish and their hosts. Proceedings of the Royal Society B, doi:10.1098/rspb.2006.3758.
EOL:421138	Cryptodendrum adhaesivum	RO:0002453	host of	EOL:204813	Amphiprion clarkii						doi:10.1098/rspb.2006.3758	Ollerton, J., McCollin, D., Fautin, D.G. & Allen, G.R. (2007) Finding NEMO: nestedness engendered by mutualistic organisation in anemonefish and their hosts. Proceedings of the Royal Society B, doi:10.1098/rspb.2006.3758.
EOL:421135	Entacmaea quadricolor	RO:0002453	host of	EOL:204813	Amphiprion clarkii						doi:10.1098/rspb.2006.3758	Ollerton, J., McCollin, D., Fautin, D.G. & Allen, G.R. (2007) Finding NEMO: nestedness engendered by mutualistic organisation in anemonefish and their hosts. Proceedings of the Royal Society B, doi:10.1098/rspb.2006.3758.
EOL:704311	Heteractis aurora	RO:0002453	host of	EOL:204813	Amphiprion clarkii						doi:10.1098/rspb.2006.3758	Ollerton, J., McCollin, D., Fautin, D.G. & Allen, G.R. (2007) Finding NEMO: nestedness engendered by mutualistic organisation in anemonefish and their hosts. Proceedings of the Royal Society B, doi:10.1098/rspb.2006.3758.
EOL:420984	Heteractis crispa	RO:0002453	host of	EOL:204813	Amphiprion clarkii						doi:10.1098/rspb.2006.3758	Ollerton, J., McCollin, D., Fautin, D.G. & Allen, G.R. (2007) Finding NEMO: nestedness engendered by mutualistic organisation in anemonefish and their hosts. Proceedings of the Royal Society B, doi:10.1098/rspb.2006.3758.
EOL:420986	Heteractis magnifica	RO:0002453	host of	EOL:204813	Amphiprion clarkii						doi:10.1098/rspb.2006.3758	Ollerton, J., McCollin, D., Fautin, D.G. & Allen, G.R. (2007) Finding NEMO: nestedness engendered by mutualistic organisation in anemonefish and their hosts. Proceedings of the Royal Society B, doi:10.1098/rspb.2006.3758.
EOL:420981	Heteractus malu	RO:0002453	host of	EOL:204813	Amphiprion clarkii						doi:10.1098/rspb.2006.3758	Ollerton, J., McCollin, D., Fautin, D.G. & Allen, G.R. (2007) Finding NEMO: nestedness engendered by mutualistic organisation in anemonefish and their hosts. Proceedings of the Royal Society B, doi:10.1098/rspb.2006.3758.
EOL:2549779	Macrodactyla doreensis	RO:0002453	host of	EOL:204813	Amphiprion clarkii						doi:10.1098/rspb.2006.3758	Ollerton, J., McCollin, D., Fautin, D.G. & Allen, G.R. (2007) Finding NEMO: nestedness engendered by mutualistic organisation in anemonefish and their hosts. Proceedings of the Royal Society B, doi:10.1098/rspb.2006.3758.
EOL:704309	Stichodactyla gigantea	RO:0002453	host of	EOL:204813	Amphiprion clarkii						doi:10.1098/rspb.2006.3758	Ollerton, J., McCollin, D., Fautin, D.G. & Allen, G.R. (2007) Finding NEMO: nestedness engendered by mutualistic organisation in anemonefish and their hosts. Proceedings of the Royal Society B, doi:10.1098/rspb.2006.3758.
EOL:704276	Stichodactyla haddoni	RO:0002453	host of	EOL:204813	Amphiprion clarkii						doi:10.1098/rspb.2006.3758	Ollerton, J., McCollin, D., Fautin, D.G. & Allen, G.R. (2007) Finding NEMO: nestedness engendered by mutualistic organisation in anemonefish and their hosts. Proceedings of the Royal Society B, doi:10.1098/rspb.2006.3758.
EOL:704278	Stichodactyla mertensii	RO:0002453	host of	EOL:204813	Amphiprion clarkii						doi:10.1098/rspb.2006.3758	Ollerton, J., McCollin, D., Fautin, D.G. & Allen, G.R. (2007) Finding NEMO: nestedness engendered by mutualistic organisation in anemonefish and their hosts. Proceedings of the Royal Society B, doi:10.1098/rspb.2006.3758.
EOL:421135	Entacmaea quadricolor	RO:0002453	host of	EOL:217396	Amphiprion ephippium						doi:10.1098/rspb.2006.3758	Ollerton, J., McCollin, D., Fautin, D.G. & Allen, G.R. (2007) Finding NEMO: nestedness engendered by mutualistic organisation in anemonefish and their hosts. Proceedings of the Royal Society B, doi:10.1098/rspb.2006.3758.
EOL:420984	Heteractis crispa	RO:0002453	host of	EOL:217396	Amphiprion ephippium						doi:10.1098/rspb.2006.3758	Ollerton, J., McCollin, D., Fautin, D.G. & Allen, G.R. (2007) Finding NEMO: nestedness engendered by mutualistic organisation in anemonefish and their hosts. Proceedings of the Royal Society B, doi:10.1098/rspb.2006.3758.
EOL:421135	Entacmaea quadricolor	RO:0002453	host of	EOL:212614	Amphiprion frenatus						doi:10.1098/rspb.2006.3758	Ollerton, J., McCollin, D., Fautin, D.G. & Allen, G.R. (2007) Finding NEMO: nestedness engendered by mutualistic organisation in anemonefish and their hosts. Proceedings of the Royal Society B, doi:10.1098/rspb.2006.3758.
EOL:704278	Stichodactyla mertensii	RO:0002453	host of	EOL:339938	Amphiprion fuscocaudatus						doi:10.1098/rspb.2006.3758	Ollerton, J., McCollin, D., Fautin, D.G. & Allen, G.R. (2007) Finding NEMO: nestedness engendered by mutualistic organisation in anemonefish and their hosts. Proceedings of the Royal Society B, doi:10.1098/rspb.2006.3758.
EOL:420984	Heteractis crispa	RO:0002453	host of	EOL:222749	Amphiprion latezonatus						doi:10.1098/rspb.2006.3758	Ollerton, J., McCollin, D., Fautin, D.G. & Allen, G.R. (2007) Finding NEMO: nestedness engendered by mutualistic organisation in anemonefish and their hosts. Proceedings of the Royal Society B, doi:10.1098/rspb.2006.3758.
EOL:704278	Stichodactyla mertensii	RO:0002453	host of	EOL:216834	Amphiprion latifasciatus						doi:10.1098/rspb.2006.3758	Ollerton, J., McCollin, D., Fautin, D.G. & Allen, G.R. (2007) Finding NEMO: nestedness engendered by mutualistic organisation in anemonefish and their hosts. Proceedings of the Royal Society B, doi:10.1098/rspb.2006.3758.
EOL:420984	Heteractis crispa	RO:0002453	host of	EOL:992567	Amphiprion leucokranos						doi:10.1098/rspb.2006.3758	Ollerton, J., McCollin, D., Fautin, D.G. & Allen, G.R. (2007) Finding NEMO: nestedness engendered by mutualistic organisation in anemonefish and their hosts. Proceedings of the Royal Society B, doi:10.1098/rspb.2006.3758.
EOL:420986	Heteractis magnifica	RO:0002453	host of	EOL:992567	Amphiprion leucokranos						doi:10.1098/rspb.2006.3758	Ollerton, J., McCollin, D., Fautin, D.G. & Allen, G.R. (2007) Finding NEMO: nestedness engendered by mutualistic organisation in anemonefish and their hosts. Proceedings of the Royal Society B, doi:10.1098/rspb.2006.3758.
EOL:704278	Stichodactyla mertensii	RO:0002453	host of	EOL:992567	Amphiprion leucokranos						doi:10.1098/rspb.2006.3758	Ollerton, J., McCollin, D., Fautin, D.G. & Allen, G.R. (2007) Finding NEMO: nestedness engendered by mutualistic organisation in anemonefish and their hosts. Proceedings of the Royal Society B, doi:10.1098/rspb.2006.3758.
EOL:421135	Entacmaea quadricolor	RO:0002453	host of	EOL:222751	Amphiprion mccullochi						doi:10.1098/rspb.2006.3758	Ollerton, J., McCollin, D., Fautin, D.G. & Allen, G.R. (2007) Finding NEMO: nestedness engendered by mutualistic organisation in anemonefish and their hosts. Proceedings of the Royal Society B, doi:10.1098/rspb.2006.3758.
EOL:421135	Entacmaea quadricolor	RO:0002453	host of	EOL:211394	Amphiprion melanopus						doi:10.1098/rspb.2006.3758	Ollerton, J., McCollin, D., Fautin, D.G. & Allen, G.R. (2007) Finding NEMO: nestedness engendered by mutualistic organisation in anemonefish and their hosts. Proceedings of the Royal Society B, doi:10.1098/rspb.2006.3758.
EOL:420984	Heteractis crispa	RO:0002453	host of	EOL:211394	Amphiprion melanopus						doi:10.1098/rspb.2006.3758	Ollerton, J., McCollin, D., Fautin, D.G. & Allen, G.R. (2007) Finding NEMO: nestedness engendered by mutualistic organisation in anemonefish and their hosts. Proceedings of the Royal Society B, doi:10.1098/rspb.2006.3758.
EOL:420986	Heteractis magnifica	RO:0002453	host of	EOL:211394	Amphiprion melanopus						doi:10.1098/rspb.2006.3758	Ollerton, J., McCollin, D., Fautin, D.G. & Allen, G.R. (2007) Finding NEMO: nestedness engendered by mutualistic organisation in anemonefish and their hosts. Proceedings of the Royal Society B, doi:10.1098/rspb.2006.3758.
EOL:704309	Stichodactyla gigantea	RO:0002453	host of	EOL:211394	Amphiprion melanopus						doi:10.1098/rspb.2006.3758	Ollerton, J., McCollin, D., Fautin, D.G. & Allen, G.R. (2007) Finding NEMO: nestedness engendered by mutualistic organisation in anemonefish and their hosts. Proceedings of the Royal Society B, doi:10.1098/rspb.2006.3758.
EOL:420986	Heteractis magnifica	RO:0002453	host of	EOL:213617	Amphiprion nigripes						doi:10.1098/rspb.2006.3758	Ollerton, J., McCollin, D., Fautin, D.G. & Allen, G.R. (2007) Finding NEMO: nestedness engendered by mutualistic organisation in anemonefish and their hosts. Proceedings of the Royal Society B, doi:10.1098/rspb.2006.3758.
EOL:420986	Heteractis magnifica	RO:0002453	host of	EOL:212597	Amphiprion ocellaris						doi:10.1098/rspb.2006.3758	Ollerton, J., McCollin, D., Fautin, D.G. & Allen, G.R. (2007) Finding NEMO: nestedness engendered by mutualistic organisation in anemonefish and their hosts. Proceedings of the Royal Society B, doi:10.1098/rspb.2006.3758.
EOL:704309	Stichodactyla gigantea	RO:0002453	host of	EOL:212597	Amphiprion ocellaris						doi:10.1098/rspb.2006.3758	Ollerton, J., McCollin, D., Fautin, D.G. & Allen, G.R. (2007) Finding NEMO: nestedness engendered by mutualistic organisation in anemonefish and their hosts. Proceedings of the Royal Society B, doi:10.1098/rspb.2006.3758.
EOL:704278	Stichodactyla mertensii	RO:0002453	host of	EOL:212597	Amphiprion ocellaris						doi:10.1098/rspb.2006.3758	Ollerton, J., McCollin, D., Fautin, D.G. & Allen, G.R. (2007) Finding NEMO: nestedness engendered by mutualistic organisation in anemonefish and their hosts. Proceedings of the Royal Society B, doi:10.1098/rspb.2006.3758.
EOL:421135	Entacmaea quadricolor	RO:0002453	host of	EOL:995053	Amphiprion omanensis						doi:10.1098/rspb.2006.3758	Ollerton, J., McCollin, D., Fautin, D.G. & Allen, G.R. (2007) Finding NEMO: nestedness engendered by mutualistic organisation in anemonefish and their hosts. Proceedings of the Royal Society B, doi:10.1098/rspb.2006.3758.
EOL:420984	Heteractis crispa	RO:0002453	host of	EOL:995053	Amphiprion omanensis						doi:10.1098/rspb.2006.3758	Ollerton, J., McCollin, D., Fautin, D.G. & Allen, G.R. (2007) Finding NEMO: nestedness engendered by mutualistic organisation in anemonefish and their hosts. Proceedings of the Royal Society B, doi:10.1098/rspb.2006.3758.
EOL:704276	Stichodactyla haddoni	RO:0002453	host of	EOL:995053	Amphiprion omanensis						doi:10.1098/rspb.2006.3758	Ollerton, J., McCollin, D., Fautin, D.G. & Allen, G.R. (2007) Finding NEMO: nestedness engendered by mutualistic organisation in anemonefish and their hosts. Proceedings of the Royal Society B, doi:10.1098/rspb.2006.3758.
EOL:420984	Heteractis crispa	RO:0002453	host of	EOL:222383	Amphiprion percula						doi:10.1098/rspb.2006.3758	Ollerton, J., McCollin, D., Fautin, D.G. & Allen, G.R. (2007) Finding NEMO: nestedness engendered by mutualistic organisation in anemonefish and their hosts. Proceedings of the Royal Society B, doi:10.1098/rspb.2006.3758.
EOL:420986	Heteractis magnifica	RO:0002453	host of	EOL:222383	Amphiprion percula						doi:10.1098/rspb.2006.3758	Ollerton, J., McCollin, D., Fautin, D.G. & Allen, G.R. (2007) Finding NEMO: nestedness engendered by mutualistic organisation in anemonefish and their hosts. Proceedings of the Royal Society B, doi:10.1098/rspb.2006.3758.
EOL:704309	Stichodactyla gigantea	RO:0002453	host of	EOL:222383	Amphiprion percula						doi:10.1098/rspb.2006.3758	Ollerton, J., McCollin, D., Fautin, D.G. & Allen, G.R. (2007) Finding NEMO: nestedness engendered by mutualistic organisation in anemonefish and their hosts. Proceedings of the Royal Society B, doi:10.1098/rspb.2006.3758.
EOL:420984	Heteractis crispa	RO:0002453	host of	EOL:225746	Amphiprion perideraion						doi:10.1098/rspb.2006.3758	Ollerton, J., McCollin, D., Fautin, D.G. & Allen, G.R. (2007) Finding NEMO: nestedness engendered by mutualistic organisation in anemonefish and their hosts. Proceedings of the Royal Society B, doi:10.1098/rspb.2006.3758.
EOL:420986	Heteractis magnifica	RO:0002453	host of	EOL:225746	Amphiprion perideraion						doi:10.1098/rspb.2006.3758	Ollerton, J., McCollin, D., Fautin, D.G. & Allen, G.R. (2007) Finding NEMO: nestedness engendered by mutualistic organisation in anemonefish and their hosts. Proceedings of the Royal Society B, doi:10.1098/rspb.2006.3758.
EOL:2549779	Macrodactyla doreensis	RO:0002453	host of	EOL:225746	Amphiprion perideraion						doi:10.1098/rspb.2006.3758	Ollerton, J., McCollin, D., Fautin, D.G. & Allen, G.R. (2007) Finding NEMO: nestedness engendered by mutualistic organisation in anemonefish and their hosts. Proceedings of the Royal Society B, doi:10.1098/rspb.2006.3758.
EOL:704309	Stichodactyla gigantea	RO:0002453	host of	EOL:225746	Amphiprion perideraion						doi:10.1098/rspb.2006.3758	Ollerton, J., McCollin, D., Fautin, D.G. & Allen, G.R. (2007) Finding NEMO: nestedness engendered by mutualistic organisation in anemonefish and their hosts. Proceedings of the Royal Society B, doi:10.1098/rspb.2006.3758.
EOL:420984	Heteractis crispa	RO:0002453	host of	EOL:213681	Amphiprion polymnus						doi:10.1098/rspb.2006.3758	Ollerton, J., McCollin, D., Fautin, D.G. & Allen, G.R. (2007) Finding NEMO: nestedness engendered by mutualistic organisation in anemonefish and their hosts. Proceedings of the Royal Society B, doi:10.1098/rspb.2006.3758.
EOL:2549779	Macrodactyla doreensis	RO:0002453	host of	EOL:213681	Amphiprion polymnus						doi:10.1098/rspb.2006.3758	Ollerton, J., McCollin, D., Fautin, D.G. & Allen, G.R. (2007) Finding NEMO: nestedness engendered by mutualistic organisation in anemonefish and their hosts. Proceedings of the Royal Society B, doi:10.1098/rspb.2006.3758.
EOL:704276	Stichodactyla haddoni	RO:0002453	host of	EOL:213681	Amphiprion polymnus						doi:10.1098/rspb.2006.3758	Ollerton, J., McCollin, D., Fautin, D.G. & Allen, G.R. (2007) Finding NEMO: nestedness engendered by mutualistic organisation in anemonefish and their hosts. Proceedings of the Royal Society B, doi:10.1098/rspb.2006.3758.
EOL:421135	Entacmaea quadricolor	RO:0002453	host of	EOL:356270	Amphiprion rubrocinctus						doi:10.1098/rspb.2006.3758	Ollerton, J., McCollin, D., Fautin, D.G. & Allen, G.R. (2007) Finding NEMO: nestedness engendered by mutualistic organisation in anemonefish and their hosts. Proceedings of the Royal Society B, doi:10.1098/rspb.2006.3758.
EOL:704309	Stichodactyla gigantea	RO:0002453	host of	EOL:356270	Amphiprion rubrocinctus						doi:10.1098/rspb.2006.3758	Ollerton, J., McCollin, D., Fautin, D.G. & Allen, G.R. (2007) Finding NEMO: nestedness engendered by mutualistic organisation in anemonefish and their hosts. Proceedings of the Royal Society B, doi:10.1098/rspb.2006.3758.
EOL:420984	Heteractis crispa	RO:0002453	host of	EOL:212621	Amphiprion sandaracinos						doi:10.1098/rspb.2006.3758	Ollerton, J., McCollin, D., Fautin, D.G. & Allen, G.R. (2007) Finding NEMO: nestedness engendered by mutualistic organisation in anemonefish and their hosts. Proceedings of the Royal Society B, doi:10.1098/rspb.2006.3758.
EOL:704278	Stichodactyla mertensii	RO:0002453	host of	EOL:212621	Amphiprion sandaracinos						doi:10.1098/rspb.2006.3758	Ollerton, J., McCollin, D., Fautin, D.G. & Allen, G.R. (2007) Finding NEMO: nestedness engendered by mutualistic organisation in anemonefish and their hosts. Proceedings of the Royal Society B, doi:10.1098/rspb.2006.3758.
EOL:704276	Stichodactyla haddoni	RO:0002453	host of	EOL:575261	Amphiprion sebae						doi:10.1098/rspb.2006.3758	Ollerton, J., McCollin, D., Fautin, D.G. & Allen, G.R. (2007) Finding NEMO: nestedness engendered by mutualistic organisation in anemonefish and their hosts. Proceedings of the Royal Society B, doi:10.1098/rspb.2006.3758.
EOL:421135	Entacmaea quadricolor	RO:0002453	host of	EOL:211395	Amphiprion tricinctus						doi:10.1098/rspb.2006.3758	Ollerton, J., McCollin, D., Fautin, D.G. & Allen, G.R. (2007) Finding NEMO: nestedness engendered by mutualistic organisation in anemonefish and their hosts. Proceedings of the Royal Society B, doi:10.1098/rspb.2006.3758.
EOL:704311	Heteractis aurora	RO:0002453	host of	EOL:211395	Amphiprion tricinctus						doi:10.1098/rspb.2006.3758	Ollerton, J., McCollin, D., Fautin, D.G. & Allen, G.R. (2007) Finding NEMO: nestedness engendered by mutualistic organisation in anemonefish and their hosts. Proceedings of the Royal Society B, doi:10.1098/rspb.2006.3758.
EOL:420984	Heteractis crispa	RO:0002453	host of	EOL:211395	Amphiprion tricinctus						doi:10.1098/rspb.2006.3758	Ollerton, J., McCollin, D., Fautin, D.G. & Allen, G.R. (2007) Finding NEMO: nestedness engendered by mutualistic organisation in anemonefish and their hosts. Proceedings of the Royal Society B, doi:10.1098/rspb.2006.3758.
EOL:704278	Stichodactyla mertensii	RO:0002453	host of	EOL:211395	Amphiprion tricinctus						doi:10.1098/rspb.2006.3758	Ollerton, J., McCollin, D., Fautin, D.G. & Allen, G.R. (2007) Finding NEMO: nestedness engendered by mutualistic organisation in anemonefish and their hosts. Proceedings of the Royal Society B, doi:10.1098/rspb.2006.3758.
EOL:421135	Entacmaea quadricolor	RO:0002453	host of	EOL:211316	Premnas biaculeatus						doi:10.1098/rspb.2006.3758	Ollerton, J., McCollin, D., Fautin, D.G. & Allen, G.R. (2007) Finding NEMO: nestedness engendered by mutualistic organisation in anemonefish and their hosts. Proceedings of the Royal Society B, doi:10.1098/rspb.2006.3758.
EOL:421135	Entacmaea quadricolor	RO:0002437	bioticallyInteractsWith	EOL:204813	Amphiprion clarkii	GEONAMES:1626229	Bahowo	1.25	124.83333	2006-07	doi:10.1007/s10641-010-9606-0	Ricciardi, F., M. Boyer & J. Ollerton (2010). Assemblage and interaction structure of the anemonefish-anemone mutualism across the Manado region of Sulawesi, Indonesia. Environmental Biology of Fishes 87: 333-347.
EOL:421135	Entacmaea quadricolor	RO:0002437	bioticallyInteractsWith	EOL:204813	Amphiprion clarkii	GEONAMES:1626229	T. Pisok	1.25	124.83333	2006-07	doi:10.1007/s10641-010-9606-0	Ricciardi, F., M. Boyer & J. Ollerton (2010). Assemblage and interaction structure of the anemonefish-anemone mutualism across the Manado region of Sulawesi, Indonesia. Environmental Biology of Fishes 87: 333-347.
EOL:704311	Heteractis aurora	RO:0002437	bioticallyInteractsWith	EOL:204813	Amphiprion clarkii	GEONAMES:1626229	Bahowo	1.25	124.83333	2006-07	doi:10.1007/s10641-010-9606-0	Ricciardi, F., M. Boyer & J. Ollerton (2010). Assemblage and interaction structure of the anemonefish-anemone mutualism across the Manado region of Sulawesi, Indonesia. Environmental Biology of Fishes 87: 333-347.
EOL:420984	Heteractis crispa	RO:0002437	bioticallyInteractsWith	EOL:204813	Amphiprion clarkii	GEONAMES:1626229	Bahowo	1.25	124.83333	2006-07	doi:10.1007/s10641-010-9606-0	Ricciardi, F., M. Boyer & J. Ollerton (2010). Assemblage and interaction structure of the anemonefish-anemone mutualism across the Manado region of Sulawesi, Indonesia. Environmental Biology of Fishes 87: 333-347.
EOL:420984	Heteractis crispa	RO:0002437	bioticallyInteractsWith	EOL:204813	Amphiprion clarkii	GEONAMES:1626229	Timur	1.25	124.83333	2006-07	doi:10.1007/s10641-010-9606-0	Ricciardi, F., M. Boyer & J. Ollerton (2010). Assemblage and interaction structure of the anemonefish-anemone mutualism across the Manado region of Sulawesi, Indonesia. Environmental Biology of Fishes 87: 333-347.
EOL:420984	Heteractis crispa	RO:0002437	bioticallyInteractsWith	EOL:204813	Amphiprion clarkii	GEONAMES:1626229	T. Pisok	1.25	124.83333	2006-07	doi:10.1007/s10641-010-9606-0	Ricciardi, F., M. Boyer & J. Ollerton (2010). Assemblage and interaction structure of the anemonefish-anemone mutualism across the Manado region of Sulawesi, Indonesia. Environmental Biology of Fishes 87: 333-347.
EOL:420981	Heteractis malu	RO:0002437	bioticallyInteractsWith	EOL:204813	Amphiprion clarkii	GEONAMES:1626229	Bahowo	1.25	124.83333	2006-07	doi:10.1007/s10641-010-9606-0	Ricciardi, F., M. Boyer & J. Ollerton (2010). Assemblage and interaction structure of the anemonefish-anemone mutualism across the Manado region of Sulawesi, Indonesia. Environmental Biology of Fishes 87: 333-347.
EOL:704278	Stichodactyla mertensii	RO:0002437	bioticallyInteractsWith	EOL:204813	Amphiprion clarkii	GEONAMES:1626229	Bahowo	1.25	124.83333	2006-07	doi:10.1007/s10641-010-9606-0	Ricciardi, F., M. Boyer & J. Ollerton (2010). Assemblage and interaction structure of the anemonefish-anemone mutualism across the Manado region of Sulawesi, Indonesia. Environmental Biology of Fishes 87: 333-347.
EOL:704278	Stichodactyla mertensii	RO:0002437	bioticallyInteractsWith	EOL:204813	Amphiprion clarkii	GEONAMES:1626229	Timur	1.25	124.83333	2006-07	doi:10.1007/s10641-010-9606-0	Ricciardi, F., M. Boyer & J. Ollerton (2010). Assemblage and interaction structure of the anemonefish-anemone mutualism across the Manado region of Sulawesi, Indonesia. Environmental Biology of Fishes 87: 333-347.
EOL:420986	Heteractis magnifica	RO:0002437	bioticallyInteractsWith	EOL:212597	Amphiprion ocellaris	GEONAMES:1626229	Bahowo	1.25	124.83333	2006-07	doi:10.1007/s10641-010-9606-0	Ricciardi, F., M. Boyer & J. Ollerton (2010). Assemblage and interaction structure of the anemonefish-anemone mutualism across the Manado region of Sulawesi, Indonesia. Environmental Biology of Fishes 87: 333-347.
EOL:420986	Heteractis magnifica	RO:0002437	bioticallyInteractsWith	EOL:212597	Amphiprion ocellaris	GEONAMES:1626229	T. Pisok	1.25	124.83333	2006-07	doi:10.1007/s10641-010-9606-0	Ricciardi, F., M. Boyer & J. Ollerton (2010). Assemblage and interaction structure of the anemonefish-anemone mutualism across the Manado region of Sulawesi, Indonesia. Environmental Biology of Fishes 87: 333-347.
EOL:420984	Heteractis crispa	RO:0002437	bioticallyInteractsWith	EOL:225746	Amphiprion perideraion	GEONAMES:1626229	Bahowo	1.25	124.83333	2006-07	doi:10.1007/s10641-010-9606-0	Ricciardi, F., M. Boyer & J. Ollerton (2010). Assemblage and interaction structure of the anemonefish-anemone mutualism across the Manado region of Sulawesi, Indonesia. Environmental Biology of Fishes 87: 333-347.
EOL:420984	Heteractis crispa	RO:0002437	bioticallyInteractsWith	EOL:225746	Amphiprion perideraion	GEONAMES:1626229	T. Pisok	1.25	124.83333	2006-07	doi:10.1007/s10641-010-9606-0	Ricciardi, F., M. Boyer & J. Ollerton (2010). Assemblage and interaction structure of the anemonefish-anemone mutualism across the Manado region of Sulawesi, Indonesia. Environmental Biology of Fishes 87: 333-347.
EOL:420986	Heteractis magnifica	RO:0002437	bioticallyInteractsWith	EOL:225746	Amphiprion perideraion	GEONAMES:1626229	Bahowo	1.25	124.83333	2006-07	doi:10.1007/s10641-010-9606-0	Ricciardi, F., M. Boyer & J. Ollerton (2010). Assemblage and interaction structure of the anemonefish-anemone mutualism across the Manado region of Sulawesi, Indonesia. Environmental Biology of Fishes 87: 333-347.
EOL:420986	Heteractis magnifica	RO:0002437	bioticallyInteractsWith	EOL:225746	Amphiprion perideraion	GEONAMES:1626229	Timur	1.25	124.83333	2006-07	doi:10.1007/s10641-010-9606-0	Ricciardi, F., M. Boyer & J. Ollerton (2010). Assemblage and interaction structure of the anemonefish-anemone mutualism across the Manado region of Sulawesi, Indonesia. Environmental Biology of Fishes 87: 333-347.
EOL:420986	Heteractis magnifica	RO:0002437	bioticallyInteractsWith	EOL:225746	Amphiprion perideraion	GEONAMES:1626229	T. Pisok	1.25	124.83333	2006-07	doi:10.1007/s10641-010-9606-0	Ricciardi, F., M. Boyer & J. Ollerton (2010). Assemblage and interaction structure of the anemonefish-anemone mutualism across the Manado region of Sulawesi, Indonesia. Environmental Biology of Fishes 87: 333-347.
EOL:704278	Stichodactyla mertensii	RO:0002437	bioticallyInteractsWith	EOL:212621	Amphiprion sandaracinos	GEONAMES:1626229	Bahowo	1.25	124.83333	2006-07	doi:10.1007/s10641-010-9606-0	Ricciardi, F., M. Boyer & J. Ollerton (2010). Assemblage and interaction structure of the anemonefish-anemone mutualism across the Manado region of Sulawesi, Indonesia. Environmental Biology of Fishes 87: 333-347.
EOL:704278	Stichodactyla mertensii	RO:0002437	bioticallyInteractsWith	EOL:212621	Amphiprion sandaracinos	GEONAMES:1626229	T. Pisok	1.25	124.83333	2006-07	doi:10.1007/s10641-010-9606-0	Ricciardi, F., M. Boyer & J. Ollerton (2010). Assemblage and interaction structure of the anemonefish-anemone mutualism across the Manado region of Sulawesi, Indonesia. Environmental Biology of Fishes 87: 333-347.
EOL:421135	Entacmaea quadricolor	RO:0002437	bioticallyInteractsWith	EOL:211316	Premnas biaculeatus	GEONAMES:1626229	Bahowo	1.25	124.83333	2006-07	doi:10.1007/s10641-010-9606-0	Ricciardi, F., M. Boyer & J. Ollerton (2010). Assemblage and interaction structure of the anemonefish-anemone mutualism across the Manado region of Sulawesi, Indonesia. Environmental Biology of Fishes 87: 333-347.
EOL:421135	Entacmaea quadricolor	RO:0002437	bioticallyInteractsWith	EOL:211316	Premnas biaculeatus	GEONAMES:1626229	Timur	1.25	124.83333	2006-07	doi:10.1007/s10641-010-9606-0	Ricciardi, F., M. Boyer & J. Ollerton (2010). Assemblage and interaction structure of the anemonefish-anemone mutualism across the Manado region of Sulawesi, Indonesia. Environmental Biology of Fishes 87: 333-347.
EOL:421135	Entacmaea quadricolor	RO:0002437	bioticallyInteractsWith	EOL:211316	Premnas biaculeatus	GEONAMES:1626229	T. Pisok	1.25	124.83333	2006-07	doi:10.1007/s10641-010-9606-0	Ricciardi, F., M. Boyer & J. Ollerton (2010). Assemblage and interaction structure of the anemonefish-anemone mutualism across the Manado region of Sulawesi, Indonesia. Environmental Biology of Fishes 87: 333-347.
EOL:421135	Entacmaea quadricolor	RO:0002437	bioticallyInteractsWith	EOL:204813	Amphiprion clarkii	GEONAMES:1626229	Bualo	1.25	124.83333	2006-07	doi:10.1007/s10641-010-9606-0	Ricciardi, F., M. Boyer & J. Ollerton (2010). Assemblage and interaction structure of the anemonefish-anemone mutualism across the Manado region of Sulawesi, Indonesia. Environmental Biology of Fishes 87: 333-347.
EOL:421135	Entacmaea quadricolor	RO:0002437	bioticallyInteractsWith	EOL:204813	Amphiprion clarkii	GEONAMES:1626229	Likuan	1.25	124.83333	2006-07	doi:10.1007/s10641-010-9606-0	Ricciardi, F., M. Boyer & J. Ollerton (2010). Assemblage and interaction structure of the anemonefish-anemone mutualism across the Manado region of Sulawesi, Indonesia. Environmental Biology of Fishes 87: 333-347.
EOL:421135	Entacmaea quadricolor	RO:0002437	bioticallyInteractsWith	EOL:204813	Amphiprion clarkii	GEONAMES:1626229	Mike	1.25	124.83333	2006-07	doi:10.1007/s10641-010-9606-0	Ricciardi, F., M. Boyer & J. Ollerton (2010). Assemblage and interaction structure of the anemonefish-anemone mutualism across the Manado region of Sulawesi, Indonesia. Environmental Biology of Fishes 87: 333-347.
EOL:704311	Heteractis aurora	RO:0002437	bioticallyInteractsWith	EOL:204813	Amphiprion clarkii	GEONAMES:1626229	Batu Kapal	1.25	124.83333	2006-07	doi:10.1007/s10641-010-9606-0	Ricciardi, F., M. Boyer & J. Ollerton (2010). Assemblage and interaction structure of the anemonefish-anemone mutualism across the Manado region of Sulawesi, Indonesia. Environmental Biology of Fishes 87: 333-347.
EOL:704311	Heteractis aurora	RO:0002437	bioticallyInteractsWith	EOL:204813	Amphiprion clarkii	GEONAMES:1626229	Jalan m.	1.25	124.83333	2006-07	doi:10.1007/s10641-010-9606-0	Ricciardi, F., M. Boyer & J. Ollerton (2010). Assemblage and interaction structure of the anemonefish-anemone mutualism across the Manado region of Sulawesi, Indonesia. Environmental Biology of Fishes 87: 333-347.
EOL:704311	Heteractis aurora	RO:0002437	bioticallyInteractsWith	EOL:204813	Amphiprion clarkii	GEONAMES:1626229	Likuan	1.25	124.83333	2006-07	doi:10.1007/s10641-010-9606-0	Ricciardi, F., M. Boyer & J. Ollerton (2010). Assemblage and interaction structure of the anemonefish-anemone mutualism across the Manado region of Sulawesi, Indonesia. Environmental Biology of Fishes 87: 333-347.
EOL:704311	Heteractis aurora	RO:0002437	bioticallyInteractsWith	EOL:204813	Amphiprion clarkii	GEONAMES:1626229	T. Kopi	1.25	124.83333	2006-07	doi:10.1007/s10641-010-9606-0	Ricciardi, F., M. Boyer & J. Ollerton (2010). Assemblage and interaction structure of the anemonefish-anemone mutualism across the Manado region of Sulawesi, Indonesia. Environmental Biology of Fishes 87: 333-347.
EOL:420984	Heteractis crispa	RO:0002437	bioticallyInteractsWith	EOL:204813	Amphiprion clarkii	GEONAMES:1626229	Batu Kapal	1.25	124.83333	2006-07	doi:10.1007/s10641-010-9606-0	Ricciardi, F., M. Boyer & J. Ollerton (2010). Assemblage and interaction structure of the anemonefish-anemone mutualism across the Manado region of Sulawesi, Indonesia. Environmental Biology of Fishes 87: 333-347.
EOL:420984	Heteractis crispa	RO:0002437	bioticallyInteractsWith	EOL:204813	Amphiprion clarkii	GEONAMES:1626229	Bualo	1.25	124.83333	2006-07	doi:10.1007/s10641-010-9606-0	Ricciardi, F., M. Boyer & J. Ollerton (2010). Assemblage and interaction structure of the anemonefish-anemone mutualism across the Manado region of Sulawesi, Indonesia. Environmental Biology of Fishes 87: 333-347.
EOL:420984	Heteractis crispa	RO:0002437	bioticallyInteractsWith	EOL:204813	Amphiprion clarkii	GEONAMES:1626229	Fukui	1.25	124.83333	2006-07	doi:10.1007/s10641-010-9606-0	Ricciardi, F., M. Boyer & J. Ollerton (2010). Assemblage and interaction structure of the anemonefish-anemone mutualism across the Manado region of Sulawesi, Indonesia. Environmental Biology of Fishes 87: 333-347.
EOL:420984	Heteractis crispa	RO:0002437	bioticallyInteractsWith	EOL:204813	Amphiprion clarkii	GEONAMES:1626229	Jalan m.	1.25	124.83333	2006-07	doi:10.1007/s10641-010-9606-0	Ricciardi, F., M. Boyer & J. Ollerton (2010). Assemblage and interaction structure of the anemonefish-anemone mutualism across the Manado region of Sulawesi, Indonesia. Environmental Biology of Fishes 87: 333-347.
EOL:420984	Heteractis crispa	RO:0002437	bioticallyInteractsWith	EOL:204813	Amphiprion clarkii	GEONAMES:1626229	Johnson	1.25	124.83333	2006-07	doi:10.1007/s10641-010-9606-0	Ricciardi, F., M. Boyer & J. Ollerton (2010). Assemblage and interaction structure of the anemonefish-anemone mutualism across the Manado region of Sulawesi, Indonesia. Environmental Biology of Fishes 87: 333-347.
EOL:420984	Heteractis crispa	RO:0002437	bioticallyInteractsWith	EOL:204813	Amphiprion clarkii	GEONAMES:1626229	Kasegaran	1.25	124.83333	2006-07	doi:10.1007/s10641-010-9606-0	Ricciardi, F., M. Boyer & J. Ollerton (2010). Assemblage and interaction structure of the anemonefish-anemone mutualism across the Manado region of Sulawesi, Indonesia. Environmental Biology of Fishes 87: 333-347.
EOL:420984	Heteractis crispa	RO:0002437	bioticallyInteractsWith	EOL:204813	Amphiprion clarkii	GEONAMES:1626229	Likuan	1.25	124.83333	2006-07	doi:10.1007/s10641-010-9606-0	Ricciardi, F., M. Boyer & J. Ollerton (2010). Assemblage and interaction structure of the anemonefish-anemone mutualism across the Manado region of Sulawesi, Indonesia. Environmental Biology of Fishes 87: 333-347.
EOL:420984	Heteractis crispa	RO:0002437	bioticallyInteractsWith	EOL:204813	Amphiprion clarkii	GEONAMES:1626229	Mandolin	1.25	124.83333	2006-07	doi:10.1007/s10641-010-9606-0	Ricciardi, F., M. Boyer & J. Ollerton (2010). Assemblage and interaction structure of the anemonefish-anemone mutualism across the Manado region of Sulawesi, Indonesia. Environmental Biology of Fishes 87: 333-347.
EOL:420984	Heteractis crispa	RO:0002437	bioticallyInteractsWith	EOL:204813	Amphiprion clarkii	GEONAMES:1626229	T. Kopi	1.25	124.83333	2006-07	doi:10.1007/s10641-010-9606-0	Ricciardi, F., M. Boyer & J. Ollerton (2010). Assemblage and interaction structure of the anemonefish-anemone mutualism across the Manado region of Sulawesi, Indonesia. Environmental Biology of Fishes 87: 333-347.
EOL:420984	Heteractis crispa	RO:0002437	bioticallyInteractsWith	EOL:204813	Amphiprion clarkii	GEONAMES:1626229	Sachiko	1.25	124.83333	2006-07	doi:10.1007/s10641-010-9606-0	Ricciardi, F., M. Boyer & J. Ollerton (2010). Assemblage and interaction structure of the anemonefish-anemone mutualism across the Manado region of Sulawesi, Indonesia. Environmental Biology of Fishes 87: 333-347.
EOL:420984	Heteractis crispa	RO:0002437	bioticallyInteractsWith	EOL:204813	Amphiprion clarkii	GEONAMES:1626229	Mike	1.25	124.83333	2006-07	doi:10.1007/s10641-010-9606-0	Ricciardi, F., M. Boyer & J. Ollerton (2010). Assemblage and interaction structure of the anemonefish-anemone mutualism across the Manado region of Sulawesi, Indonesia. Environmental Biology of Fishes 87: 333-347.
EOL:2549779	Macrodactyla doreensis	RO:0002437	bioticallyInteractsWith	EOL:204813	Amphiprion clarkii	GEONAMES:1626229	Kasegaran	1.25	124.83333	2006-07	doi:10.1007/s10641-010-9606-0	Ricciardi, F., M. Boyer & J. Ollerton (2010). Assemblage and interaction structure of the anemonefish-anemone mutualism across the Manado region of Sulawesi, Indonesia. Environmental Biology of Fishes 87: 333-347.
EOL:704278	Stichodactyla mertensii	RO:0002437	bioticallyInteractsWith	EOL:204813	Amphiprion clarkii	GEONAMES:1626229	Bajo	1.25	124.83333	2006-07	doi:10.1007/s10641-010-9606-0	Ricciardi, F., M. Boyer & J. Ollerton (2010). Assemblage and interaction structure of the anemonefish-anemone mutualism across the Manado region of Sulawesi, Indonesia. Environmental Biology of Fishes 87: 333-347.
EOL:704278	Stichodactyla mertensii	RO:0002437	bioticallyInteractsWith	EOL:204813	Amphiprion clarkii	GEONAMES:1626229	Batu Kapal	1.25	124.83333	2006-07	doi:10.1007/s10641-010-9606-0	Ricciardi, F., M. Boyer & J. Ollerton (2010). Assemblage and interaction structure of the anemonefish-anemone mutualism across the Manado region of Sulawesi, Indonesia. Environmental Biology of Fishes 87: 333-347.
EOL:704278	Stichodactyla mertensii	RO:0002437	bioticallyInteractsWith	EOL:204813	Amphiprion clarkii	GEONAMES:1626229	Bualo	1.25	124.83333	2006-07	doi:10.1007/s10641-010-9606-0	Ricciardi, F., M. Boyer & J. Ollerton (2010). Assemblage and interaction structure of the anemonefish-anemone mutualism across the Manado region of Sulawesi, Indonesia. Environmental Biology of Fishes 87: 333-347.
EOL:704278	Stichodactyla mertensii	RO:0002437	bioticallyInteractsWith	EOL:204813	Amphiprion clarkii	GEONAMES:1626229	Fukui	1.25	124.83333	2006-07	doi:10.1007/s10641-010-9606-0	Ricciardi, F., M. Boyer & J. Ollerton (2010). Assemblage and interaction structure of the anemonefish-anemone mutualism across the Manado region of Sulawesi, Indonesia. Environmental Biology of Fishes 87: 333-347.
EOL:704278	Stichodactyla mertensii	RO:0002437	bioticallyInteractsWith	EOL:204813	Amphiprion clarkii	GEONAMES:1626229	Jalan m.	1.25	124.83333	2006-07	doi:10.1007/s10641-010-9606-0	Ricciardi, F., M. Boyer & J. Ollerton (2010). Assemblage and interaction structure of the anemonefish-anemone mutualism across the Manado region of Sulawesi, Indonesia. Environmental Biology of Fishes 87: 333-347.
EOL:704278	Stichodactyla mertensii	RO:0002437	bioticallyInteractsWith	EOL:204813	Amphiprion clarkii	GEONAMES:1626229	Kasegaran	1.25	124.83333	2006-07	doi:10.1007/s10641-010-9606-0	Ricciardi, F., M. Boyer & J. Ollerton (2010). Assemblage and interaction structure of the anemonefish-anemone mutualism across the Manado region of Sulawesi, Indonesia. Environmental Biology of Fishes 87: 333-347.
EOL:704278	Stichodactyla mertensii	RO:0002437	bioticallyInteractsWith	EOL:204813	Amphiprion clarkii	GEONAMES:1626229	Likuan	1.25	124.83333	2006-07	doi:10.1007/s10641-010-9606-0	Ricciardi, F., M. Boyer & J. Ollerton (2010). Assemblage and interaction structure of the anemonefish-anemone mutualism across the Manado region of Sulawesi, Indonesia. Environmental Biology of Fishes 87: 333-347.
EOL:704278	Stichodactyla mertensii	RO:0002437	bioticallyInteractsWith	EOL:204813	Amphiprion clarkii	GEONAMES:1626229	Mandolin	1.25	124.83333	2006-07	doi:10.1007/s10641-010-9606-0	Ricciardi, F., M. Boyer & J. Ollerton (2010). Assemblage and interaction structure of the anemonefish-anemone mutualism across the Manado region of Sulawesi, Indonesia. Environmental Biology of Fishes 87: 333-347.
EOL:704278	Stichodactyla mertensii	RO:0002437	bioticallyInteractsWith	EOL:204813	Amphiprion clarkii	GEONAMES:1626229	T. Kopi	1.25	124.83333	2006-07	doi:10.1007/s10641-010-9606-0	Ricciardi, F., M. Boyer & J. Ollerton (2010). Assemblage and interaction structure of the anemonefish-anemone mutualism across the Manado region of Sulawesi, Indonesia. Environmental Biology of Fishes 87: 333-347.
EOL:704278	Stichodactyla mertensii	RO:0002437	bioticallyInteractsWith	EOL:204813	Amphiprion clarkii	GEONAMES:1626229	Sachiko	1.25	124.83333	2006-07	doi:10.1007/s10641-010-9606-0	Ricciardi, F., M. Boyer & J. Ollerton (2010). Assemblage and interaction structure of the anemonefish-anemone mutualism across the Manado region of Sulawesi, Indonesia. Environmental Biology of Fishes 87: 333-347.
EOL:704278	Stichodactyla mertensii	RO:0002437	bioticallyInteractsWith	EOL:204813	Amphiprion clarkii	GEONAMES:1626229	Mike	1.25	124.83333	2006-07	doi:10.1007/s10641-010-9606-0	Ricciardi, F., M. Boyer & J. Ollerton (2010). Assemblage and interaction structure of the anemonefish-anemone mutualism across the Manado region of Sulawesi, Indonesia. Environmental Biology of Fishes 87: 333-347.
EOL:421135	Entacmaea quadricolor	RO:0002437	bioticallyInteractsWith	EOL:211394	Amphiprion melanopus	GEONAMES:1626229	Bualo	1.25	124.83333	2006-07	doi:10.1007/s10641-010-9606-0	Ricciardi, F., M. Boyer & J. Ollerton (2010). Assemblage and interaction structure of the anemonefish-anemone mutualism across the Manado region of Sulawesi, Indonesia. Environmental Biology of Fishes 87: 333-347.
EOL:421135	Entacmaea quadricolor	RO:0002437	bioticallyInteractsWith	EOL:211394	Amphiprion melanopus	GEONAMES:1626229	Likuan	1.25	124.83333	2006-07	doi:10.1007/s10641-010-9606-0	Ricciardi, F., M. Boyer & J. Ollerton (2010). Assemblage and interaction structure of the anemonefish-anemone mutualism across the Manado region of Sulawesi, Indonesia. Environmental Biology of Fishes 87: 333-347.
EOL:421135	Entacmaea quadricolor	RO:0002437	bioticallyInteractsWith	EOL:211394	Amphiprion melanopus	GEONAMES:1626229	T. Kopi	1.25	124.83333	2006-07	doi:10.1007/s10641-010-9606-0	Ricciardi, F., M. Boyer & J. Ollerton (2010). Assemblage and interaction structure of the anemonefish-anemone mutualism across the Manado region of Sulawesi, Indonesia. Environmental Biology of Fishes 87: 333-347.
EOL:420986	Heteractis magnifica	RO:0002437	bioticallyInteractsWith	EOL:212597	Amphiprion ocellaris	GEONAMES:1626229	Bajo	1.25	124.83333	2006-07	doi:10.1007/s10641-010-9606-0	Ricciardi, F., M. Boyer & J. Ollerton (2010). Assemblage and interaction structure of the anemonefish-anemone mutualism across the Manado region of Sulawesi, Indonesia. Environmental Biology of Fishes 87: 333-347.
EOL:420986	Heteractis magnifica	RO:0002437	bioticallyInteractsWith	EOL:212597	Amphiprion ocellaris	GEONAMES:1626229	Fukui	1.25	124.83333	2006-07	doi:10.1007/s10641-010-9606-0	Ricciardi, F., M. Boyer & J. Ollerton (2010). Assemblage and interaction structure of the anemonefish-anemone mutualism across the Manado region of Sulawesi, Indonesia. Environmental Biology of Fishes 87: 333-347.
EOL:420986	Heteractis magnifica	RO:0002437	bioticallyInteractsWith	EOL:212597	Amphiprion ocellaris	GEONAMES:1626229	Jalan m.	1.25	124.83333	2006-07	doi:10.1007/s10641-010-9606-0	Ricciardi, F., M. Boyer & J. Ollerton (2010). Assemblage and interaction structure of the anemonefish-anemone mutualism across the Manado region of Sulawesi, Indonesia. Environmental Biology of Fishes 87: 333-347.
EOL:420986	Heteractis magnifica	RO:0002437	bioticallyInteractsWith	EOL:212597	Amphiprion ocellaris	GEONAMES:1626229	Mandolin	1.25	124.83333	2006-07	doi:10.1007/s10641-010-9606-0	Ricciardi, F., M. Boyer & J. Ollerton (2010). Assemblage and interaction structure of the anemonefish-anemone mutualism across the Manado region of Sulawesi, Indonesia. Environmental Biology of Fishes 87: 333-347.
EOL:420986	Heteractis magnifica	RO:0002437	bioticallyInteractsWith	EOL:212597	Amphiprion ocellaris	GEONAMES:1626229	Mapia	1.25	124.83333	2006-07	doi:10.1007/s10641-010-9606-0	Ricciardi, F., M. Boyer & J. Ollerton (2010). Assemblage and interaction structure of the anemonefish-anemone mutualism across the Manado region of Sulawesi, Indonesia. Environmental Biology of Fishes 87: 333-347.
EOL:420986	Heteractis magnifica	RO:0002437	bioticallyInteractsWith	EOL:212597	Amphiprion ocellaris	GEONAMES:1626229	T. Kopi	1.25	124.83333	2006-07	doi:10.1007/s10641-010-9606-0	Ricciardi, F., M. Boyer & J. Ollerton (2010). Assemblage and interaction structure of the anemonefish-anemone mutualism across the Manado region of Sulawesi, Indonesia. Environmental Biology of Fishes 87: 333-347.
EOL:420984	Heteractis crispa	RO:0002437	bioticallyInteractsWith	EOL:225746	Amphiprion perideraion	GEONAMES:1626229	Bualo	1.25	124.83333	2006-07	doi:10.1007/s10641-010-9606-0	Ricciardi, F., M. Boyer & J. Ollerton (2010). Assemblage and interaction structure of the anemonefish-anemone mutualism across the Manado region of Sulawesi, Indonesia. Environmental Biology of Fishes 87: 333-347.
EOL:420984	Heteractis crispa	RO:0002437	bioticallyInteractsWith	EOL:225746	Amphiprion perideraion	GEONAMES:1626229	Fukui	1.25	124.83333	2006-07	doi:10.1007/s10641-010-9606-0	Ricciardi, F., M. Boyer & J. Ollerton (2010). Assemblage and interaction structure of the anemonefish-anemone mutualism across the Manado region of Sulawesi, Indonesia. Environmental Biology of Fishes 87: 333-347.
EOL:420984	Heteractis crispa	RO:0002437	bioticallyInteractsWith	EOL:225746	Amphiprion perideraion	GEONAMES:1626229	Jalan m.	1.25	124.83333	2006-07	doi:10.1007/s10641-010-9606-0	Ricciardi, F., M. Boyer & J. Ollerton (2010). Assemblage and interaction structure of the anemonefish-anemone mutualism across the Manado region of Sulawesi, Indonesia. Environmental Biology of Fishes 87: 333-347.
EOL:420984	Heteractis crispa	RO:0002437	bioticallyInteractsWith	EOL:225746	Amphiprion perideraion	GEONAMES:1626229	Johnson	1.25	124.83333	2006-07	doi:10.1007/s10641-010-9606-0	Ricciardi, F., M. Boyer & J. Ollerton (2010). Assemblage and interaction structure of the anemonefish-anemone mutualism across the Manado region of Sulawesi, Indonesia. Environmental Biology of Fishes 87: 333-347.
EOL:420984	Heteractis crispa	RO:0002437	bioticallyInteractsWith	EOL:225746	Amphiprion perideraion	GEONAMES:1626229	Kasegaran	1.25	124.83333	2006-07	doi:10.1007/s10641-010-9606-0	Ricciardi, F., M. Boyer & J. Ollerton (2010). Assemblage and interaction structure of the anemonefish-anemone mutualism across the Manado region of Sulawesi, Indonesia. Environmental Biology of Fishes 87: 333-347.
EOL:420984	Heteractis crispa	RO:0002437	bioticallyInteractsWith	EOL:225746	Amphiprion perideraion	GEONAMES:1626229	Likuan	1.25	124.83333	2006-07	doi:10.1007/s10641-010-9606-0	Ricciardi, F., M. Boyer & J. Ollerton (2010). Assemblage and interaction structure of the anemonefish-anemone mutualism across the Manado region of Sulawesi, Indonesia. Environmental Biology of Fishes 87: 333-347.
EOL:420984	Heteractis crispa	RO:0002437	bioticallyInteractsWith	EOL:225746	Amphiprion perideraion	GEONAMES:1626229	Mandolin	1.25	124.83333	2006-07	doi:10.1007/s10641-010-9606-0	Ricciardi, F., M. Boyer & J. Ollerton (2010). Assemblage and interaction structure of the anemonefish-anemone mutualism across the Manado region of Sulawesi, Indonesia. Environmental Biology of Fishes 87: 333-347.
EOL:420984	Heteractis crispa	RO:0002437	bioticallyInteractsWith	EOL:225746	Amphiprion perideraion	GEONAMES:1626229	Mapia	1.25	124.83333	2006-07	doi:10.1007/s10641-010-9606-0	Ricciardi, F., M. Boyer & J. Ollerton (2010). Assemblage and interaction structure of the anemonefish-anemone mutualism across the Manado region of Sulawesi, Indonesia. Environmental Biology of Fishes 87: 333-347.
EOL:420984	Heteractis crispa	RO:0002437	bioticallyInteractsWith	EOL:225746	Amphiprion perideraion	GEONAMES:1626229	T. Kopi	1.25	124.83333	2006-07	doi:10.1007/s10641-010-9606-0	Ricciardi, F., M. Boyer & J. Ollerton (2010). Assemblage and interaction structure of the anemonefish-anemone mutualism across the Manado region of Sulawesi, Indonesia. Environmental Biology of Fishes 87: 333-347.
EOL:420984	Heteractis crispa	RO:0002437	bioticallyInteractsWith	EOL:225746	Amphiprion perideraion	GEONAMES:1626229	Sachiko	1.25	124.83333	2006-07	doi:10.1007/s10641-010-9606-0	Ricciardi, F., M. Boyer & J. Ollerton (2010). Assemblage and interaction structure of the anemonefish-anemone mutualism across the Manado region of Sulawesi, Indonesia. Environmental Biology of Fishes 87: 333-347.
EOL:420984	Heteractis crispa	RO:0002437	bioticallyInteractsWith	EOL:225746	Amphiprion perideraion	GEONAMES:1626229	Mike	1.25	124.83333	2006-07	doi:10.1007/s10641-010-9606-0	Ricciardi, F., M. Boyer & J. Ollerton (2010). Assemblage and interaction structure of the anemonefish-anemone mutualism across the Manado region of Sulawesi, Indonesia. Environmental Biology of Fishes 87: 333-347.
EOL:420986	Heteractis magnifica	RO:0002437	bioticallyInteractsWith	EOL:225746	Amphiprion perideraion	GEONAMES:1626229	Bajo	1.25	124.83333	2006-07	doi:10.1007/s10641-010-9606-0	Ricciardi, F., M. Boyer & J. Ollerton (2010). Assemblage and interaction structure of the anemonefish-anemone mutualism across the Manado region of Sulawesi, Indonesia. Environmental Biology of Fishes 87: 333-347.
EOL:420986	Heteractis magnifica	RO:0002437	bioticallyInteractsWith	EOL:225746	Amphiprion perideraion	GEONAMES:1626229	Bualo	1.25	124.83333	2006-07	doi:10.1007/s10641-010-9606-0	Ricciardi, F., M. Boyer & J. Ollerton (2010). Assemblage and interaction structure of the anemonefish-anemone mutualism across the Manado region of Sulawesi, Indonesia. Environmental Biology of Fishes 87: 333-347.
EOL:420986	Heteractis magnifica	RO:0002437	bioticallyInteractsWith	EOL:225746	Amphiprion perideraion	GEONAMES:1626229	Fukui	1.25	124.83333	2006-07	doi:10.1007/s10641-010-9606-0	Ricciardi, F., M. Boyer & J. Ollerton (2010). Assemblage and interaction structure of the anemonefish-anemone mutualism across the Manado region of Sulawesi, Indonesia. Environmental Biology of Fishes 87: 333-347.
EOL:420986	Heteractis magnifica	RO:0002437	bioticallyInteractsWith	EOL:225746	Amphiprion perideraion	GEONAMES:1626229	Jalan m.	1.25	124.83333	2006-07	doi:10.1007/s10641-010-9606-0	Ricciardi, F., M. Boyer & J. Ollerton (2010). Assemblage and interaction structure of the anemonefish-anemone mutualism across the Manado region of Sulawesi, Indonesia. Environmental Biology of Fishes 87: 333-347.
EOL:420986	Heteractis magnifica	RO:0002437	bioticallyInteractsWith	EOL:225746	Amphiprion perideraion	GEONAMES:1626229	Kasegaran	1.25	124.83333	2006-07	doi:10.1007/s10641-010-9606-0	Ricciardi, F., M. Boyer & J. Ollerton (2010). Assemblage and interaction structure of the anemonefish-anemone mutualism across the Manado region of Sulawesi, Indonesia. Environmental Biology of Fishes 87: 333-347.
EOL:420986	Heteractis magnifica	RO:0002437	bioticallyInteractsWith	EOL:225746	Amphiprion perideraion	GEONAMES:1626229	T. Kopi	1.25	124.83333	2006-07	doi:10.1007/s10641-010-9606-0	Ricciardi, F., M. Boyer & J. Ollerton (2010). Assemblage and interaction structure of the anemonefish-anemone mutualism across the Manado region of Sulawesi, Indonesia. Environmental Biology of Fishes 87: 333-347.
EOL:420986	Heteractis magnifica	RO:0002437	bioticallyInteractsWith	EOL:225746	Amphiprion perideraion	GEONAMES:1626229	Sachiko	1.25	124.83333	2006-07	doi:10.1007/s10641-010-9606-0	Ricciardi, F., M. Boyer & J. Ollerton (2010). Assemblage and interaction structure of the anemonefish-anemone mutualism across the Manado region of Sulawesi, Indonesia. Environmental Biology of Fishes 87: 333-347.
EOL:420986	Heteractis magnifica	RO:0002437	bioticallyInteractsWith	EOL:225746	Amphiprion perideraion	GEONAMES:1626229	Mike	1.25	124.83333	2006-07	doi:10.1007/s10641-010-9606-0	Ricciardi, F., M. Boyer & J. Ollerton (2010). Assemblage and interaction structure of the anemonefish-anemone mutualism across the Manado region of Sulawesi, Indonesia. Environmental Biology of Fishes 87: 333-347.
EOL:2549779	Macrodactyla doreensis	RO:0002437	bioticallyInteractsWith	EOL:213681	Amphiprion polymnus	GEONAMES:1626229	Kasegaran	1.25	124.83333	2006-07	doi:10.1007/s10641-010-9606-0	Ricciardi, F., M. Boyer & J. Ollerton (2010). Assemblage and interaction structure of the anemonefish-anemone mutualism across the Manado region of Sulawesi, Indonesia. Environmental Biology of Fishes 87: 333-347.
EOL:704276	Stichodactyla haddoni	RO:0002437	bioticallyInteractsWith	EOL:213681	Amphiprion polymnus	GEONAMES:1626229	Kasegaran	1.25	124.83333	2006-07	doi:10.1007/s10641-010-9606-0	Ricciardi, F., M. Boyer & J. Ollerton (2010). Assemblage and interaction structure of the anemonefish-anemone mutualism across the Manado region of Sulawesi, Indonesia. Environmental Biology of Fishes 87: 333-347.
EOL:704276	Stichodactyla haddoni	RO:0002437	bioticallyInteractsWith	EOL:213681	Amphiprion polymnus	GEONAMES:1626229	Mapia	1.25	124.83333	2006-07	doi:10.1007/s10641-010-9606-0	Ricciardi, F., M. Boyer & J. Ollerton (2010). Assemblage and interaction structure of the anemonefish-anemone mutualism across the Manado region of Sulawesi, Indonesia. Environmental Biology of Fishes 87: 333-347.
EOL:704278	Stichodactyla mertensii	RO:0002437	bioticallyInteractsWith	EOL:212621	Amphiprion sandaracinos	GEONAMES:1626229	Bajo	1.25	124.83333	2006-07	doi:10.1007/s10641-010-9606-0	Ricciardi, F., M. Boyer & J. Ollerton (2010). Assemblage and interaction structure of the anemonefish-anemone mutualism across the Manado region of Sulawesi, Indonesia. Environmental Biology of Fishes 87: 333-347.
EOL:704278	Stichodactyla mertensii	RO:0002437	bioticallyInteractsWith	EOL:212621	Amphiprion sandaracinos	GEONAMES:1626229	Batu Kapal	1.25	124.83333	2006-07	doi:10.1007/s10641-010-9606-0	Ricciardi, F., M. Boyer & J. Ollerton (2010). Assemblage and interaction structure of the anemonefish-anemone mutualism across the Manado region of Sulawesi, Indonesia. Environmental Biology of Fishes 87: 333-347.
EOL:704278	Stichodactyla mertensii	RO:0002437	bioticallyInteractsWith	EOL:212621	Amphiprion sandaracinos	GEONAMES:1626229	Bualo	1.25	124.83333	2006-07	doi:10.1007/s10641-010-9606-0	Ricciardi, F., M. Boyer & J. Ollerton (2010). Assemblage and interaction structure of the anemonefish-anemone mutualism across the Manado region of Sulawesi, Indonesia. Environmental Biology of Fishes 87: 333-347.
EOL:704278	Stichodactyla mertensii	RO:0002437	bioticallyInteractsWith	EOL:212621	Amphiprion sandaracinos	GEONAMES:1626229	Fukui	1.25	124.83333	2006-07	doi:10.1007/s10641-010-9606-0	Ricciardi, F., M. Boyer & J. Ollerton (2010). Assemblage and interaction structure of the anemonefish-anemone mutualism across the Manado region of Sulawesi, Indonesia. Environmental Biology of Fishes 87: 333-347.
EOL:704278	Stichodactyla mertensii	RO:0002437	bioticallyInteractsWith	EOL:212621	Amphiprion sandaracinos	GEONAMES:1626229	Jalan m.	1.25	124.83333	2006-07	doi:10.1007/s10641-010-9606-0	Ricciardi, F., M. Boyer & J. Ollerton (2010). Assemblage and interaction structure of the anemonefish-anemone mutualism across the Manado region of Sulawesi, Indonesia. Environmental Biology of Fishes 87: 333-347.
EOL:704278	Stichodactyla mertensii	RO:0002437	bioticallyInteractsWith	EOL:212621	Amphiprion sandaracinos	GEONAMES:1626229	Mandolin	1.25	124.83333	2006-07	doi:10.1007/s10641-010-9606-0	Ricciardi, F., M. Boyer & J. Ollerton (2010). Assemblage and interaction structure of the anemonefish-anemone mutualism across the Manado region of Sulawesi, Indonesia. Environmental Biology of Fishes 87: 333-347.
EOL:704278	Stichodactyla mertensii	RO:0002437	bioticallyInteractsWith	EOL:212621	Amphiprion sandaracinos	GEONAMES:1626229	T. Kopi	1.25	124.83333	2006-07	doi:10.1007/s10641-010-9606-0	Ricciardi, F., M. Boyer & J. Ollerton (2010). Assemblage and interaction structure of the anemonefish-anemone mutualism across the Manado region of Sulawesi, Indonesia. Environmental Biology of Fishes 87: 333-347.
EOL:704278	Stichodactyla mertensii	RO:0002437	bioticallyInteractsWith	EOL:212621	Amphiprion sandaracinos	GEONAMES:1626229	Sachiko	1.25	124.83333	2006-07	doi:10.1007/s10641-010-9606-0	Ricciardi, F., M. Boyer & J. Ollerton (2010). Assemblage and interaction structure of the anemonefish-anemone mutualism across the Manado region of Sulawesi, Indonesia. Environmental Biology of Fishes 87: 333-347.
EOL:704278	Stichodactyla mertensii	RO:0002437	bioticallyInteractsWith	EOL:212621	Amphiprion sandaracinos	GEONAMES:1626229	Mike	1.25	124.83333	2006-07	doi:10.1007/s10641-010-9606-0	Ricciardi, F., M. Boyer & J. Ollerton (2010). Assemblage and interaction structure of the anemonefish-anemone mutualism across the Manado region of Sulawesi, Indonesia. Environmental Biology of Fishes 87: 333-347.
EOL:421135	Entacmaea quadricolor	RO:0002437	bioticallyInteractsWith	EOL:211316	Premnas biaculeatus	GEONAMES:1626229	Bualo	1.25	124.83333	2006-07	doi:10.1007/s10641-010-9606-0	Ricciardi, F., M. Boyer & J. Ollerton (2010). Assemblage and interaction structure of the anemonefish-anemone mutualism across the Manado region of Sulawesi, Indonesia. Environmental Biology of Fishes 87: 333-347.
EOL:421135	Entacmaea quadricolor	RO:0002437	bioticallyInteractsWith	EOL:211316	Premnas biaculeatus	GEONAMES:1626229	Johnson	1.25	124.83333	2006-07	doi:10.1007/s10641-010-9606-0	Ricciardi, F., M. Boyer & J. Ollerton (2010). Assemblage and interaction structure of the anemonefish-anemone mutualism across the Manado region of Sulawesi, Indonesia. Environmental Biology of Fishes 87: 333-347.
EOL:421135	Entacmaea quadricolor	RO:0002437	bioticallyInteractsWith	EOL:211316	Premnas biaculeatus	GEONAMES:1626229	Likuan	1.25	124.83333	2006-07	doi:10.1007/s10641-010-9606-0	Ricciardi, F., M. Boyer & J. Ollerton (2010). Assemblage and interaction structure of the anemonefish-anemone mutualism across the Manado region of Sulawesi, Indonesia. Environmental Biology of Fishes 87: 333-347.
EOL:421135	Entacmaea quadricolor	RO:0002437	bioticallyInteractsWith	EOL:211316	Premnas biaculeatus	GEONAMES:1626229	Mandolin	1.25	124.83333	2006-07	doi:10.1007/s10641-010-9606-0	Ricciardi, F., M. Boyer & J. Ollerton (2010). Assemblage and interaction structure of the anemonefish-anemone mutualism across the Manado region of Sulawesi, Indonesia. Environmental Biology of Fishes 87: 333-347.
EOL:421135	Entacmaea quadricolor	RO:0002437	bioticallyInteractsWith	EOL:211316	Premnas biaculeatus	GEONAMES:1626229	Mapia	1.25	124.83333	2006-07	doi:10.1007/s10641-010-9606-0	Ricciardi, F., M. Boyer & J. Ollerton (2010). Assemblage and interaction structure of the anemonefish-anemone mutualism across the Manado region of Sulawesi, Indonesia. Environmental Biology of Fishes 87: 333-347.
EOL:421135	Entacmaea quadricolor	RO:0002437	bioticallyInteractsWith	EOL:211316	Premnas biaculeatus	GEONAMES:1626229	Sachiko	1.25	124.83333	2006-07	doi:10.1007/s10641-010-9606-0	Ricciardi, F., M. Boyer & J. Ollerton (2010). Assemblage and interaction structure of the anemonefish-anemone mutualism across the Manado region of Sulawesi, Indonesia. Environmental Biology of Fishes 87: 333-347.
EOL:421135	Entacmaea quadricolor	RO:0002437	bioticallyInteractsWith	EOL:211316	Premnas biaculeatus	GEONAMES:1626229	Mike	1.25	124.83333	2006-07	doi:10.1007/s10641-010-9606-0	Ricciardi, F., M. Boyer & J. Ollerton (2010). Assemblage and interaction structure of the anemonefish-anemone mutualism across the Manado region of Sulawesi, Indonesia. Environmental Biology of Fishes 87: 333-347.
